Cover	Title	Link
=IMAGE("https://occ-0-56-55.1.nflxso.net/dnm/api/v6/rkETp35xJVj-6WaffQsS77awykM/AAAABbv92XIgxwbzpwdP6DaerHJH2eVs8OL4koFkFtibqeKJ36eVWyysmkA_2ETqp_2GKBbjKjzjOODxDzD4WDmb-gNxbSduEtlR5O9Ygl5kmzhR5_bsZJPowjqFPJRFe3qApVEY-8uIpgTOQIbbmQN3dEDA2J3q1c3WCkzsqrbTeVK_PcCEpuo6xjSre_CEtupGuj4ltlI0eCwCYAIsG9LvHAChN0EOWUTkW9RySE4x95w25Job1qGEVgW5uqxoNLO79tHQIo81IhDZPXi0k5c_g1Jgcs-I.jpg?r=5d9")	Society of the Snow	https://www.netflix.com/watch/81268316
=IMAGE("https://occ-0-56-55.1.nflxso.net/dnm/api/v6/rkETp35xJVj-6WaffQsS77awykM/AAAABRLY7Ig30MB6R2BwnYc1iJ6bQhlFoVrhTyr7q5_jgnXvnaOkMp2ExlYL6BgN7iwdb90tjHOQFz5mBB2oNm0WYDgT0fLVBzj3i85XW1BJnkikVq1KA4ThynYLOcIc3Sa_Z48IU5VA2IT8M5kfnWGzhHIKwBcjgeoRgC6FFXPTZEXfs1K7CgrWu3icYMURhruN2sksqBAKNmsKy0QvXe37g5WYF4EPi2OfOGmw5_ua3HfF0TS0HmPyXbzB4XAN5fDEhqFX5_slS3BXQn3X4yfL4IAhDce2y44jnwhUC3JUFxCKKoG6IiWOnBAHb2ThTPaa0cAliW7K_u6zI0iF7DOQ0t6Yqj9e5IoArLtuiTKGO7Laf99GT-o.jpg?r=d5e")	American Nightmare	https://www.netflix.com/watch/81620852
=IMAGE("https://occ-0-56-55.1.nflxso.net/dnm/api/v6/rkETp35xJVj-6WaffQsS77awykM/AAAABVPqsBJtzMQka_3R7pR-z3vHvUM8tSvBJCwoiILtEpP5H91eXcPRq1cKLLkU2k4Yj-etSP0BergWwGk6PXLaiRZPU98yE7WHvC_MxTA8uGv2Y7GBChmk3co_JYzJxT5d6Mu7.jpg?r=fc2")	Ricky Gervais: Armageddon	https://www.netflix.com/watch/81714181
=IMAGE("https://occ-0-56-55.1.nflxso.net/dnm/api/v6/rkETp35xJVj-6WaffQsS77awykM/AAAABWBxaL3hQ8fKzQm5VfHD8BlNAKlXc2NmCqoGuB92fIXkeE808FLGC3ILynTP12KJ_3lsGdGOAVFsBldST8qaaCvFXF9aPFu_93yGsTI-9uBEKn2Kjd1f8xZuSmEvTrAsRpte.jpg?r=4bd")	​Carol & The End of The World	https://www.netflix.com/watch/81044590
=IMAGE("https://occ-0-56-55.1.nflxso.net/dnm/api/v6/rkETp35xJVj-6WaffQsS77awykM/AAAABdj8dZbA0AxhYTpkNzQ5yMsN5xwZ91JtFKn07cDuyD7p-SfyqUB73No5-M9gaB1uQ-RioegC7S8DgfiGB-5XaLgyRc3_KPVAJEjytUJeUGsHsX7IXJG3pI6IR-PlG2vUR3zi.jpg?r=db7")	BEEF	https://www.netflix.com/watch/81447461
=IMAGE("https://occ-0-56-55.1.nflxso.net/dnm/api/v6/rkETp35xJVj-6WaffQsS77awykM/AAAABcZnxCyoyk_ko8XEqHiURGSB_c03bt2edP2vhRwLMhUGovLiMXRAso9j9ICSbWR8sKTBrxw6EmjGFlIfIqoXCON_850fJL5gt2Y.webp?r=4fc")	The Office (U.S.)	https://www.netflix.com/watch/70136120
=IMAGE("https://occ-0-56-55.1.nflxso.net/dnm/api/v6/rkETp35xJVj-6WaffQsS77awykM/AAAABcJRIiSZpnwMfTPa51yfV9Ib9D9PJcz7caSv9s6mBQ4otDe9FAko-_pUCKu7QQJB5ViXIzIpI_oHZqfKWpplfSUpIULgvsVDe9o3-sB-D75N8gJY0zgfiqCNWfyIxBTbPrrp.jpg?r=a7c")	BLUE EYE SAMURAI	https://www.netflix.com/watch/81144203
=IMAGE("https://occ-0-56-55.1.nflxso.net/dnm/api/v6/rkETp35xJVj-6WaffQsS77awykM/AAAABdvfZXjhvMqOIj37sfTolqwgaS8tFKTajXqNlOHUwJyjD3RMUXYwTQ96GBPwIyaerakpoTGsTDCdkRf6L51NRY5MeVNc_PgFMutKyaCwK5J6XcfVQpJxoiPLNI_cUVGAKgNtSb0Ywk6HnXlunn5cz_44k2vzpJD9FKLMMpTfXXaduciNIAkk1RBX5RLiFor9geyx_PsRML8yAnI8qMIKepxrAT2eWkEy-sb9puddirg2NUt8PI8X6cRV6QPTTVk77VwDSsmlz9Of0YRmQZtLyKC0fQQDSbwH1FMM8Mwf3N_723ZZdbysRsPb.jpg?r=06c")	You Are What You Eat: A Twin Experiment	https://www.netflix.com/watch/81133260
=IMAGE("https://occ-0-56-55.1.nflxso.net/dnm/api/v6/rkETp35xJVj-6WaffQsS77awykM/AAAABcJRIiSZpnwMfTPa51yfV9Ib9D9PJcz7caSv9s6mBQ4otDe9FAko-_pUCKu7QQJB5ViXIzIpI_oHZqfKWpplfSUpIULgvsVDe9o3-sB-D75N8gJY0zgfiqCNWfyIxBTbPrrp.jpg?r=a7c")	BLUE EYE SAMURAI	https://www.netflix.com/watch/81144203
=IMAGE("https://occ-0-56-55.1.nflxso.net/dnm/api/v6/rkETp35xJVj-6WaffQsS77awykM/AAAABdvfZXjhvMqOIj37sfTolqwgaS8tFKTajXqNlOHUwJyjD3RMUXYwTQ96GBPwIyaerakpoTGsTDCdkRf6L51NRY5MeVNc_PgFMutKyaCwK5J6XcfVQpJxoiPLNI_cUVGAKgNtSb0Ywk6HnXlunn5cz_44k2vzpJD9FKLMMpTfXXaduciNIAkk1RBX5RLiFor9geyx_PsRML8yAnI8qMIKepxrAT2eWkEy-sb9puddirg2NUt8PI8X6cRV6QPTTVk77VwDSsmlz9Of0YRmQZtLyKC0fQQDSbwH1FMM8Mwf3N_723ZZdbysRsPb.jpg?r=06c")	You Are What You Eat: A Twin Experiment	https://www.netflix.com/watch/81133260
=IMAGE("https://occ-0-56-55.1.nflxso.net/dnm/api/v6/rkETp35xJVj-6WaffQsS77awykM/AAAABQ1dP0ozRTit7IuLfkqta8ihVNGHhfzVXLUNRsM6hvXntq589nFzOtxlb3P5ubSJIuSfDKoPAh9ol_lLpgceiIuqTDl4B59ChHfr1dWooClU_e7YZTWw6zKM2EFUF4PhlfgU.jpg?r=11c")	Leave the World Behind	https://www.netflix.com/watch/81314956
=IMAGE("https://occ-0-56-55.1.nflxso.net/dnm/api/v6/rkETp35xJVj-6WaffQsS77awykM/AAAABYQcXjtcV6J05CUqgM7MWKivhc1XkhSK3BWeUVwZbC7Xp0PV7LvkGV2B21gNbFqWTt4hQAdJldO7580iUmr5VZe_qh7kDWLCG9eJ_qiD5vggSuP31-eInZNiu5rAMKLGcQ2N.jpg?r=fe8")	Sex Education	https://www.netflix.com/watch/80197526
=IMAGE("https://occ-0-56-55.1.nflxso.net/dnm/api/v6/rkETp35xJVj-6WaffQsS77awykM/AAAABUXknz_8KSO45v1uOPZY6S0loOWZSH-7JIGhyq14_8GIgLZaXJ9cwOTF8Y86hYMIsyPUY_zDi9GdOknb1Iab4a2tAoGMF-IlYPWv05-GDNFcjrUDRRfmOQRVspqhTTJMUPG4.jpg?r=e6d")	Life on Our Planet	https://www.netflix.com/watch/80213846
=IMAGE("https://occ-0-56-55.1.nflxso.net/dnm/api/v6/rkETp35xJVj-6WaffQsS77awykM/AAAABU-m0gaB67lv4bFQnMUvwb1Kd3H4DGLDfUU1u1EHOa9bVyhdtiM06VKI3bWaI7vo9ibIMIy2BqkCeasCNvgSQNJoBsyvJhUoFvC_OMm7GKDKXVOBiV8wC9fJA6q3pI_ZDF0kJaVQha69z_vugKBNTkG_UJhyAIa22hCbepul-1O2k48qXEZLvilPZkZiRTXu8eJL4x17tu6J-I5lzTrIagzuHs_cglcfFGtzwHx0MiTSWu9IH_U9DZkqYxZOywtHKRH5JqzgqR4_Pr_wIGl10L6MwbiC6XasRCwGD0ltrXxRkYrvl2OmAPDl.jpg?r=0c4")	Pokémon Concierge	https://www.netflix.com/watch/81186864
=IMAGE("https://occ-0-56-55.1.nflxso.net/dnm/api/v6/rkETp35xJVj-6WaffQsS77awykM/AAAABRPcWV-5YpYT8as8_QbxHhlfadaXoe5c0BhXykuMzuA92BLuRfVM9g-5LItDFWUWpu7gcWwTgmM16HQxY6TFPFb6K11CYF2dDUP8zkGmXPfDaf7-rmr_mPE_ygjijz4nse8Y.jpg?r=ac9")	The Crown	https://www.netflix.com/watch/80025678
=IMAGE("https://occ-0-56-55.1.nflxso.net/dnm/api/v6/rkETp35xJVj-6WaffQsS77awykM/AAAABZTDti8v7lOy4a9iIP828U_OsQwyV4BjUa-CbGzbAjfKW_Gxuxb57LlfsWWctQTsgZTsSM1kIHOscS-LMzDnU9xaqs1H8EBnywHB2SaqtU4Irvwb-tUKA7vo5wOYq37pAxexpwUXucymGAS8nRGzMk0nzX-uvLi1a04txXcMvoxcW28xIgy0p-YRIgBH64MqQEUmQCbDGulNBQP5E42yzGsZORKg38MrhA.jpg?r=5bb")	The Wonderful Story of Henry Sugar	https://www.netflix.com/watch/81388090
=IMAGE("https://occ-0-56-55.1.nflxso.net/dnm/api/v6/rkETp35xJVj-6WaffQsS77awykM/AAAABTtNwaUY94cxoQZmwUnlQ4jTdNMwlTckCFaOz5ecG4dgNxEvth7qvdKncw9xwJnkVHxSGvCRFoKg-YUqOoDczD0Zr-iXamEmgDvBc6g7pC6TbT7tLnmvN0LvbyIaLCZwHkfU.jpg?r=a9c")	Our Planet	https://www.netflix.com/watch/80049832
=IMAGE("https://occ-0-56-55.1.nflxso.net/dnm/api/v6/rkETp35xJVj-6WaffQsS77awykM/AAAABW0-9RqLobNa2_qi2hiVk7_TxaLGyFz7uvzBaph1YxqPKBqokp85JnyfWEai7SUVfHbh4w-rn50UE-03aM-d7XnjZP9tgHb43jNvjMHZtdt8p3Dhl4NO0IG5IwYWQYjkpdhorjs5y2xunHL24hf53o9CZoB2nAkRNjP3dd3Llr1D-n7EJziwV4W16qECp9OY-MG0PwxDhN4jbiM2oXhnhcbC6l9CkDaoIIaHSWYpkO2QfzfwEtaXqJqJ_K6aBZFzJhc8n7H5AdDz2uMN9ZotXFEGE1CodPKZeIElYlOHPc-F_VxqDWM.jpg?r=9ab")	Love on the Spectrum	https://www.netflix.com/watch/81338328
=IMAGE("https://occ-0-56-55.1.nflxso.net/dnm/api/v6/rkETp35xJVj-6WaffQsS77awykM/AAAABaObvtM2Ac9FykmTLxeteRtzBHQM_E1Az1rreyb91BPoLqpa7fanRVC_J440HDUnraxPPR2axf_KrlMrCBIl6XUAgLJXCR6ay4qHgoNe4BcodXUgAjZuJ6JxklDb0YBW7Sk7.jpg?r=40c")	Explained	https://www.netflix.com/watch/80216752
=IMAGE("https://occ-0-56-55.1.nflxso.net/dnm/api/v6/rkETp35xJVj-6WaffQsS77awykM/AAAABagonmkEckPvK6qZY-P2Uvvbg7Kj9zusggJZWo9912U0nDKyKZ-5jmEvAk-o-m1rFvbm2y8yybmH-xNQ7EHBCL-q5AqqSDXplwI-DPgm3vd4LV2hN_H1KbhF6H1D5nJsAK9x3noMZMi6ur63UMnF7Z4TSednGvTfL0fZPWq20LzbCcHGNlSdJIkhxhozupBr-j_OZW0b7uXV925aPzsxJwiG9YqU3raA9sgP0V1UlSGCXeerb-nRFlPTlHe3dxHVDNxZNpqPdOzVCgHcfckEyp9NaGhCMzyhG2UT3_WITq_MuTzT2_scK7UKRuEfiRRhVDz8u4XHARoxMjpQ-fUMejLeF3173nW_i_i0tHmrHzZDfSXG0ts.jpg?r=73f")	Six Nations: Full Contact	https://www.netflix.com/watch/81647358
=IMAGE("https://occ-0-56-55.1.nflxso.net/dnm/api/v6/rkETp35xJVj-6WaffQsS77awykM/AAAABXevRZMjbQfpNwJ_IMBbfG0_Zwkf0A-UlbhWPxx0tqUfP4ThV5z5zTi5sJZ0qhouLC-e4LJTLPDzLDgAeth99yW19i2OklwCT-14Y6SEQzFPdf8vjZ614AcG1sMUWUx3aqsW.jpg?r=83e")	Human Playground	https://www.netflix.com/watch/81122619
=IMAGE("https://occ-0-56-55.1.nflxso.net/dnm/api/v6/rkETp35xJVj-6WaffQsS77awykM/AAAABda-iBn35A02JMbS7JHr3aFo7PMhHaLvY8QLvFA_PN579r-2Q6x6kbVeDY6NbS0DQPXC-bAlgtULlS_1wq9GHWZhmwYXGC0ZxRYFUSgaHQ0ZTRTlbTR0rESPDEb_O-jSkCFaKwsqN202WaQHVi2fx0CHQcvtR8-UIfuUKEIs4ct0gGJMLS0p4heY4_gwb-DeOgFi58qj27MmxbToW7l3cizdtLZ-B8MMnrN5U-k3bbIUMy28fpJU3EM8bielZ38-aZ-KycMKke9h3eOzq-iK9EFOx915fyGRXlMht7xy3t0TKg3PDKqvZuPB.jpg?r=ab4")	Headspace: Unwind Your Mind	https://www.netflix.com/watch/81328829
=IMAGE("https://occ-0-56-55.1.nflxso.net/dnm/api/v6/rkETp35xJVj-6WaffQsS77awykM/AAAABX-woI5VxFd7sw-TuU9NEwxcB_qSDiwOMWXGFGO4sCBPLxmPN3lCSjlWQ7DXvy89NQEjb80ob09yNFUsj148eMx1DFiOsRawtzA.webp?r=719")	Observations at 65 South	https://www.netflix.com/watch/81639636
=IMAGE("https://occ-0-56-55.1.nflxso.net/dnm/api/v6/rkETp35xJVj-6WaffQsS77awykM/AAAABfxDnFod9Y2r_G5XIMXMrX2wss5vAI0v3grH0X2AKSdJZ-bQInNKqlE8T-HAn1NPIX5BOlXxBq094bJsE3A9S66DH7rw58h5AHh9rrehBYUpAGV6QiWVRfLSTutJSWcvG9f8.jpg?r=f4c")	Aftershock: Everest and the Nepal Earthquake	https://www.netflix.com/watch/81397884
=IMAGE("https://occ-0-56-55.1.nflxso.net/dnm/api/v6/rkETp35xJVj-6WaffQsS77awykM/AAAABYV6YQivdiGGzuQSGYctEru6oQdxECGCZQOycumTaqO8Ltf3lAmeDtkgwIqfCSCyaYakw4-bEjGqgdLOpDqvRXsOaAPI1wEqIlI4NzxgLbBkuHoRqwZ8lswpARmw2erpOFkq.jpg?r=640")	Black Mirror	https://www.netflix.com/watch/70264888
=IMAGE("https://occ-0-56-55.1.nflxso.net/dnm/api/v6/rkETp35xJVj-6WaffQsS77awykM/AAAABRPcWV-5YpYT8as8_QbxHhlfadaXoe5c0BhXykuMzuA92BLuRfVM9g-5LItDFWUWpu7gcWwTgmM16HQxY6TFPFb6K11CYF2dDUP8zkGmXPfDaf7-rmr_mPE_ygjijz4nse8Y.jpg?r=ac9")	The Crown	https://www.netflix.com/watch/80025678
=IMAGE("https://occ-0-56-55.1.nflxso.net/dnm/api/v6/rkETp35xJVj-6WaffQsS77awykM/AAAABVACjdX-hGvMimySn9HCcuIQYsK7upWOA2_H6jUobD4b05fJQ5cCewb6-bYjMc-x0khG0nRh8s8eqQBu1VKeuRqNWb3uW-WousE.webp?r=227")	Top Gun: Maverick	https://www.netflix.com/watch/81198910
=IMAGE("https://occ-0-56-55.1.nflxso.net/dnm/api/v6/rkETp35xJVj-6WaffQsS77awykM/AAAABeyI6vidrGrrLjQbUs5orr0zwnbJu5lNpO4WdL5JSB5bFDeL6EAFy5lcl1eqQsBgAysTmqBmoY05T0B2ttdTtc4A9MrQ9FhRkaGV3mpwJEcN-L-3UMVKOckV9jl3S81NTLoiT4tijX6pwPDDQ-PXYUrO_9NexeN9iBkYdpRvS9py0Wqt6t3kz630R7IceGC_txod-A4kgP1UY9zcQtYYzVCTRUYVN3vTLW8JvOgDB6A9kJFcvB71lLRYZKYm3Uq30n5fovnNYp3BmGjgbymjOdxXT9gmOlHNqy-cU8Gg_sf8QrAt8ZX_xjXyZjYIOSq4585288c6iIZbRtKF6TXsssbSltK-_V1H7cMu5M1tOAqsaX38K00.jpg?r=2de")	Berlin	https://www.netflix.com/watch/81586657
=IMAGE("https://occ-0-56-55.1.nflxso.net/dnm/api/v6/rkETp35xJVj-6WaffQsS77awykM/AAAABQPRoO_P02bou61qsJUDj2_52FjguHZTu9hSGzfKGpOWcjJHVqaZ-Lje9y4kYkm25sur8RpPaDjnPp8JcGvj6Q0s-ZEt57eUnR0.webp?r=737")	Good Will Hunting	https://www.netflix.com/watch/17405997
=IMAGE("https://occ-0-56-55.1.nflxso.net/dnm/api/v6/rkETp35xJVj-6WaffQsS77awykM/AAAABcaeWWfb6Xtcbj9YxGcATYZCtIAfeCsnuW1X5q2heR1ZdRKxw_MoVFByXJHZcToWStUqNexwot_gLBbqUCha41st_-fEWMEh8zni6EbgOXuK2p11_PQdz_QhDxabSarvXEop.jpg?r=ced")	Hunger	https://www.netflix.com/watch/81517155
=IMAGE("https://occ-0-56-55.1.nflxso.net/dnm/api/v6/rkETp35xJVj-6WaffQsS77awykM/AAAABWdVWxlI6DvRMOQO1NQDq5UnJOrF_Sp03iAg3Uyp0GXuXz6OXEhk4xQPiR079xhA4Otb3WwuB1FiPvhPOZtHHaZfD467nl4Q6Xru_hQAsi_tI-5l2j7xwA7nhn2fnNummka6.jpg?r=dd8")	The Rain	https://www.netflix.com/watch/80154610
=IMAGE("https://occ-0-56-55.1.nflxso.net/dnm/api/v6/rkETp35xJVj-6WaffQsS77awykM/AAAABYaZU0O_i8B1kiAtaJzyzxWd66KxiLXbTyke_Pnz1jsGQS4g11Mq1iQJ5VcSxQByh6h7I-7hpaouv-gNQbjaHpgYRzaw79xo-BHoYbZdx8vesh3hpTsa4I_ovidIk7Qcg6qjNFrF8aoLMI_HWAKwv_q4evuYpy3nsxZlL0N-5EgbH8hLO0n24ICIasPVi7-iST54nu9g2XbJbo9SY_1u7lopNeaEx_hdn1LR61AJxNubFHISL2m0j7ntk5ogvscELwxckYO8_51UG-QFAPzAL_gBSadEsQ4T5_CKulN1ogsOfOxhUdP4-buDjETiGPa0gAuEg2CpNRL0EJSDVBl7h0bkzxTgpVbI8OOtMQgsERuQfp-Fo1w.jpg?r=61e")	Fool Me Once	https://www.netflix.com/watch/81588093
=IMAGE("https://occ-0-56-55.1.nflxso.net/dnm/api/v6/rkETp35xJVj-6WaffQsS77awykM/AAAABSfEIGwqAR9MI8m76RScO7_xFzSml-7Pw3BPrHHFsOd_E5BD9-SwmcXAqibFoo7FjXhEE1spLY_GaXWg1V9H_97KoOendPXaOemULx3HkSWPMg2PYvz-ZeviEDl6jjyAOpFU.jpg?r=9c7")	Love, Death & Robots	https://www.netflix.com/watch/80174608
=IMAGE("https://occ-0-56-55.1.nflxso.net/dnm/api/v6/rkETp35xJVj-6WaffQsS77awykM/AAAABcv1rmCfN0xG_zadJrqT-CswsfNITU-js7O7NXGeBHYGyoyle57Zu9-BBaX--hMLQSCapMj0T7ldrGBfsKS5AmhdhboHfToacbY.webp?r=c61")	Community	https://www.netflix.com/watch/70155589
=IMAGE("https://occ-0-56-55.1.nflxso.net/dnm/api/v6/rkETp35xJVj-6WaffQsS77awykM/AAAABVGATRJ-MtwqLjSMeFE9TXERlsoF1hc9x4tJ3PBtouDbmvJwV571ZUFpRGV8gzk-MteaDhg8i641xC3uhJ6hchr7x7zwmty99bT4p7GVUI9k_glN6Lqw_S8JDsp0vKI9FQ8A6OdbJG6n16WDLf0UFlVzUD7hUPB0D-_D85AlHhZBU8OUlhW4412RY5ZLLdKz3AHJRfVQvM477cFiLhVYAq8gz_yxDfTdnsyzVDexCt43lgs5Fg2CqkpHxx6YOM7pnHYE8F0DzyhGfUbzAmFHNtopUzYijdx2RhuTwTWKAFwJjjR9QaQlWTUT4z9n-YTwp1RX8e5bwG9pKWOVeyjOBDjXngyczUAM_Nuron4INQ2KtvRN1IYGgZl8ZE9fE_FhEv8IDgS799PWjG-uVWb9GNApJwlwiZamTMuTIOULUVuP2bskwaxZVKLJCVd-tlvmKVRmvg9r.jpg?r=9c1")	My Demon	https://www.netflix.com/watch/81716080
=IMAGE("https://occ-0-56-55.1.nflxso.net/dnm/api/v6/rkETp35xJVj-6WaffQsS77awykM/AAAABR9l152ide0Mf6PElkIRyCTOQFHWFfwzuhfUt8_o98jUrK5WionKKC2Qiv4d4XtX1e1UmP5YbqIFUtfLCsjsz3bcE-gbsra16Yo.webp?r=722")	Young Sheldon	https://www.netflix.com/watch/80192612
=IMAGE("https://occ-0-56-55.1.nflxso.net/dnm/api/v6/rkETp35xJVj-6WaffQsS77awykM/AAAABcFDagt2Im9XDdMi-cBoGGFCRlpXMCwQETSNHnZlEupOMxvZo00jz7SMosG3F2rMfUKoTvvphwZf5MqaPY7jV7DInLS_shVIgfHoi4cxi4AIrOrAGqXtMkm_SJAECen4_7xc.jpg?r=37e")	BoJack Horseman	https://www.netflix.com/watch/70300800
=IMAGE("https://occ-0-56-55.1.nflxso.net/dnm/api/v6/rkETp35xJVj-6WaffQsS77awykM/AAAABV2xtNjE-StM38X4V_JgNR8fdirTbkBuAuOA6D5rJwbkjl3TMokgFatIe0ZSw6XLVlNn3PPKZSXyMEi1-6bptnNk_B-gumNj_QznzeV_3im5jLtBfzes5csdwQSddJov1Y2v.jpg?r=f9b")	Inside Job	https://www.netflix.com/watch/80995819
=IMAGE("https://occ-0-56-55.1.nflxso.net/dnm/api/v6/rkETp35xJVj-6WaffQsS77awykM/AAAABe8LiNBJOpMbDzjAfURoZ2AbR01bWps14gYe3ERoBmJoluxBjn6XoPxXvBSwfJrw5NWaBICvh7ptvmDlVqskAQRD1EY2-TGt5zc.webp?r=1bf")	Brooklyn Nine-Nine	https://www.netflix.com/watch/70281562
=IMAGE("https://occ-0-56-55.1.nflxso.net/dnm/api/v6/rkETp35xJVj-6WaffQsS77awykM/AAAABbs-nq9N5Qhh4X7x_kzMTvciQftDLN21DjTDOkYFrdX0IyoT291u0YRCy-YDAlGsICmTOZAJWSSCREBlqJADkQAhtxRMj4CF6Yo.webp?r=c7b")	Mean Girls	https://www.netflix.com/watch/60034551
=IMAGE("https://occ-0-56-55.1.nflxso.net/dnm/api/v6/rkETp35xJVj-6WaffQsS77awykM/AAAABXP_klD8p7rVSH_0UDIqt0EX0UbLSAKBmecXTz0qkWMWeW1F5MU09ERZfbOzRyeffEHXnbf0i3NbEZkCVkGUf1OQKcRsYCuOgI8NYrMK-OASto_aqDWuN0b-f3Um5I8vEevb.jpg?r=009")	Painkiller	https://www.netflix.com/watch/81095069
=IMAGE("https://occ-0-56-55.1.nflxso.net/dnm/api/v6/rkETp35xJVj-6WaffQsS77awykM/AAAABYlYF7be1NSDxb__tHH6U9uHlDjhMriDeIGrUzXabReLxjmpeM8UoTcoX2eRkUcNRpyVoULmoYB-_0GA4gJFrHP5w0SCwyrx_In6637PnfRJLbYqwafFl_lzKiuSfbR7jCeK.jpg?r=b27")	Peaky Blinders	https://www.netflix.com/watch/80002479
=IMAGE("https://occ-0-56-55.1.nflxso.net/dnm/api/v6/rkETp35xJVj-6WaffQsS77awykM/AAAABQPRoO_P02bou61qsJUDj2_52FjguHZTu9hSGzfKGpOWcjJHVqaZ-Lje9y4kYkm25sur8RpPaDjnPp8JcGvj6Q0s-ZEt57eUnR0.webp?r=737")	Good Will Hunting	https://www.netflix.com/watch/17405997
=IMAGE("https://occ-0-56-55.1.nflxso.net/dnm/api/v6/rkETp35xJVj-6WaffQsS77awykM/AAAABW8qawN5tyviBkLmPN4nH0U0IuJdGIwpIcsCEOdxyp39-yCFo6ZjUwu33W6EwzQhZBl5LCYYBNqMcquML_7G8jjJHFSvRO3ShVLxSIvhr4gBZcVbkwixifvzsn2Sov3oPKmb.jpg?r=696")	Better Call Saul	https://www.netflix.com/watch/80021955
=IMAGE("https://occ-0-56-55.1.nflxso.net/dnm/api/v6/rkETp35xJVj-6WaffQsS77awykM/AAAABY4G_en9hK7yXgJAp6EEGr9dHTYHjYWOt91sKI2XtgYZIHKTRtFO5131qndqVfLMaQfyuE6WCA88JdvlvyDwmK0_PmaLUTWgkNTls9u4-BltVPMukS2eRNzzYv3tL9hIQ1C9J4DTCGe41wKxaWMLugtuqT4JRYhIf1zrwKNfGs9q3sOfWjudi5ajgNTxgRfu7GicJTM3F8BUVN3puqdAb4neUkbAUy5oeHrttGpo0MIWs2E3oJd-PvDaCKOmSenu3__naMGqc-fnRNt7j0G6VPc1_xC67nka1UOeTZxJTyQIZPOimU6rlS0FEIcAofhvIRMwX2a4ndNzgp84wD6NISbtpaqfnxiDai7hp-TkIgwajYdjC4irSNwQEfQIwNK3V8fFyv7w4rdu-pWJ6scax6QaRbXrIkxsh8kyTHCHXR7hakBmTXy8kWbs87OCfgvmj4PAU6UYdQ.jpg?r=f85")	Formula 1: Drive to Survive	https://www.netflix.com/watch/80204890
=IMAGE("https://occ-0-56-55.1.nflxso.net/dnm/api/v6/rkETp35xJVj-6WaffQsS77awykM/AAAABdGqkDexrjLg7M5KlQ9j_6cifKR0nHn6DZalZyF-xgU9b-XxxsYdhWiotVIsf8W9GDU8Ku0EvdNvYgN3WcfvjIUUTKsmy5TCwIN2h8iIt8Nq-JgsHk9t8wRphOnaV1Li7rD8.jpg?r=2b5")	Unorthodox	https://www.netflix.com/watch/81019069
=IMAGE("https://occ-0-56-55.1.nflxso.net/dnm/api/v6/rkETp35xJVj-6WaffQsS77awykM/AAAABfxDnFod9Y2r_G5XIMXMrX2wss5vAI0v3grH0X2AKSdJZ-bQInNKqlE8T-HAn1NPIX5BOlXxBq094bJsE3A9S66DH7rw58h5AHh9rrehBYUpAGV6QiWVRfLSTutJSWcvG9f8.jpg?r=f4c")	Aftershock: Everest and the Nepal Earthquake	https://www.netflix.com/watch/81397884
=IMAGE("https://occ-0-56-55.1.nflxso.net/dnm/api/v6/rkETp35xJVj-6WaffQsS77awykM/AAAABWqAKU_yIC3BWPXJS9WDPcWJhwJ-z6IUANzWOlxDHa9_pDTmCa_YLe5ruTIRJ-tQSE2bOtYE-yWM-bBTvo_FUBtRBiPTqCFMWudB-yrTe0s6lRezGx2dOKLUHa1PoyUoKsiq.jpg?r=b5e")	The Swimmers	https://www.netflix.com/watch/81365134
=IMAGE("https://occ-0-56-55.1.nflxso.net/dnm/api/v6/rkETp35xJVj-6WaffQsS77awykM/AAAABb8yOedjSuIKE662iOM_t98HJkxOtKI7spaHc5IpFdhDOVnmqpHct9CAYUUAiqsJzv6YTmDg_JNIizLew91rTjR7gJ9_ZaWYWWu242AelgSwIDhALipAAgb6Imn8LEHv5J1b.jpg?r=ccc")	King the Land	https://www.netflix.com/watch/81671440
=IMAGE("https://occ-0-56-55.1.nflxso.net/dnm/api/v6/rkETp35xJVj-6WaffQsS77awykM/AAAABadYoJqQOJj0qBaDRGz3kjcFaerYmfkWcXOg46uAM00UfNWFbZeIm1w9ZWZ2GqfrRvJrz_48_c3kyKu_aG5TK_lP2TWdUcCy-34AFABsXzX3yurub0t_2ZXPwjDFTfY4Q6x9htA2mt9ps-XlMveNdHfjHS2-jUfVbl4rRudo9b78IZoAYRJVX1tJS4vqSWz4s_IwjtulSfK2F0U-MuZymIhdaiBKsKFuqQ.jpg?r=a90")	NYAD	https://www.netflix.com/watch/81447231
=IMAGE("https://occ-0-56-55.1.nflxso.net/dnm/api/v6/rkETp35xJVj-6WaffQsS77awykM/AAAABdpnPMfdpSQuMhDhxAa_8-eXpQrglC8OVBFM1Ogi9IERtzx2-djcEOTUIm0U0rATHOqPcnhOtB7lEb6z5gY6kfp4CdDVl1yV9Kube_-PkiHAkkWPy4bWX3-9YRpwo498ue5NVY3NxrS0M-FIbwtdz6_lHt476PA86QkORxN2yuQW4_mIAgqUr3m0rUq6VFFoVRvFHtaaOxU3Yttiq5belpu5QkkCmXG9ybq0CQC7tskrq00N0UKSNFrIhyswqNhiacQuMppGil8PG_ywYtZ7IF4hik-6YA8qkQrPsEmGdLJuWh3A73HIx1AJ.jpg?r=9ba")	Griselda	https://www.netflix.com/watch/81133447
=IMAGE("https://occ-0-56-55.1.nflxso.net/dnm/api/v6/rkETp35xJVj-6WaffQsS77awykM/AAAABQS0DV9ERbEpPFXD845Gkyk22onxmQTFt95J55Ok4i-yYlwfba8YWqUAmuqH3pjRo922AQZGtwETx5nVEim-5tBmycM-mPq-Hu4DzG0p_0r33aNsYd6tO97yIr3S0NOSyaU6cY2qK8pulaCIoQsklICdIzGZIRX4CNeKHZg2rBAh1isbwmqpFSadfEafLL7mElghPKSnsED1IAsThF4B5ecPSM2zjbljpk8utm4LG3HFsck0chR5foQnH3MtAvqpC3eQ-lB8GC8k_4DiFcncMND7nkrB2o6XMUqr2DzKcQuHGJAtK24.jpg?r=18e")	Break Point	https://www.netflix.com/watch/81569920
=IMAGE("https://occ-0-56-55.1.nflxso.net/dnm/api/v6/rkETp35xJVj-6WaffQsS77awykM/AAAABbWQMBWiW_PvLgELnY1gAYh9To1zeBzCayanm3_ZF-sp17U3b-fvUipAXqM_AGHNYEJRKk4jz3iTftzlhIuRUs3hCXRNtZVtZ9tCnqoO-24ZnmB-_aQEZ1RZ6ATaniwS8rGmFX6XjozNyK6ko6TGekjReYj8aNPmB3c-g34zBM6hofYtU-OTRGI_UHNzZowOFcIcsCxOJM77eqF14Wq-lbjVTQokDCkbuLzgSWAVozXmWkVrqvOwGCJs2sJ3wWSm6HtWOLiDu2LX--uXJWDzBkVwiWUZMBOrdZzEXcmZFsiR9esRUqD9pseQ.jpg?r=58e")	Society of the Snow: Who Were We on the Mountain?	https://www.netflix.com/watch/81755382
=IMAGE("https://occ-0-56-55.1.nflxso.net/dnm/api/v6/rkETp35xJVj-6WaffQsS77awykM/AAAABR3KFCYdMjq-r-AxosXL-3hiYLIspFLhQUEHR2NZhfLVkZrz2ktTMOiOWvoKxLc7zSGqMwRa7HX7yyy5bKtu4685MekdI6Tmfa93Rc9q4-q9LwP29PxRCKL9anKHMLAVL3B8cB_8wFWdXVeBQIIvt-ekQvPPbukTatdf_zjRRXif4JFED51OhVmGWK4gT9yG0k__sZTWeRC7ZQQ9hylahqY0beWoNHuvvxTyW_bNZRNz9tromStH3blXWUfj11PgLEiAXvXleFAZ45KjJFWLj6_2UOzPxDuHlK1mkM_6cte85wkRoXv48-A6.jpg?r=aa3")	Captains of the World	https://www.netflix.com/watch/81681112
=IMAGE("https://occ-0-56-55.1.nflxso.net/dnm/api/v6/rkETp35xJVj-6WaffQsS77awykM/AAAABbmbsLhKeHuwli0wYX9NA0mDU9Ve0uVwdaL5lgNV-IOs-MavjtwJQLcNjK2lDNipq1Fo3G-L2LwUW9fpXOo8Wyr4d12kp6GlPMcAdHDrwXiDrKzwg5kTEK1RdBEA9oBAhwQO.jpg?r=bb3")	All the Light We Cannot See	https://www.netflix.com/watch/81083008
=IMAGE("https://occ-0-56-55.1.nflxso.net/dnm/api/v6/rkETp35xJVj-6WaffQsS77awykM/AAAABYIWwzftYFhohxbceaZGPYPr8na_RNwTBGu6pH6tCoTVg85wody4V4s1D3iP4UD1SiT7cN6PKrQ_reZ9pRA6YDOrKyIxAFgWR68.webp?r=01d")	Breaking Bad	https://www.netflix.com/watch/70143836
=IMAGE("https://occ-0-56-55.1.nflxso.net/dnm/api/v6/rkETp35xJVj-6WaffQsS77awykM/AAAABc-GdwL8ZGNnZHf21KsoAitjOaVSkWKg5jfFuWDzJus8STjY5goZ26aQUo9e4dJtICLnjscBU863tPj_ZA3uCNIaWHP56DkzZsB38OEjTyAKhyFPEiJ2v85--Zh5DeAH6TVs.jpg?r=93f")	World War II: From the Frontlines	https://www.netflix.com/watch/81303911
=IMAGE("https://occ-0-56-55.1.nflxso.net/dnm/api/v6/rkETp35xJVj-6WaffQsS77awykM/AAAABYQcXjtcV6J05CUqgM7MWKivhc1XkhSK3BWeUVwZbC7Xp0PV7LvkGV2B21gNbFqWTt4hQAdJldO7580iUmr5VZe_qh7kDWLCG9eJ_qiD5vggSuP31-eInZNiu5rAMKLGcQ2N.jpg?r=fe8")	Sex Education	https://www.netflix.com/watch/80197526
